doctor_name,reported_delay_minutes,report_type,MONTH,DAY,HOUR,MINUTE
Bar Gal,30,user,November,Friday,10,54
Bar Gal,30,user,November,Friday,11,12
Bar Gal,19,user,November,Friday,11,21
Bar Gal,19,user,November,Friday,11,33
Bar Gal,13,user,December,Tuesday,22,32
constantDelayDoctor,5,user,December,Monday,8,0
constantDelayDoctor,5,user,December,Monday,8,10
constantDelayDoctor,5,user,December,Monday,8,20
constantDelayDoctor,5,user,December,Monday,8,30
constantDelayDoctor,5,user,December,Monday,8,40
constantDelayDoctor,5,user,December,Monday,8,50
constantDelayDoctor,5,user,December,Monday,9,0
constantDelayDoctor,5,user,December,Monday,9,10
constantDelayDoctor,5,user,December,Monday,9,20
constantDelayDoctor,5,feedback,December,Monday,9,30
constantDelayDoctor,5,user,December,Monday,9,40
constantDelayDoctor,5,user,December,Monday,9,50
constantDelayDoctor,5,user,December,Monday,10,0
constantDelayDoctor,5,user,December,Monday,10,10
constantDelayDoctor,5,user,December,Monday,10,20
constantDelayDoctor,5,user,December,Monday,10,30
constantDelayDoctor,5,user,December,Monday,10,40
constantDelayDoctor,5,user,December,Monday,10,50
constantDelayDoctor,5,user,December,Monday,11,0
constantDelayDoctor,5,user,December,Monday,11,10
constantDelayDoctor,5,user,December,Monday,11,20
constantDelayDoctor,5,user,December,Monday,11,30
constantDelayDoctor,5,user,December,Monday,11,40
constantDelayDoctor,5,user,December,Monday,11,50
constantDelayDoctor,5,user,December,Monday,12,0
constantDelayDoctor,5,user,December,Monday,12,10
constantDelayDoctor,5,user,December,Monday,12,20
constantDelayDoctor,5,user,December,Monday,12,30
constantDelayDoctor,5,user,December,Monday,12,40
constantDelayDoctor,5,user,December,Monday,12,50
constantDelayDoctor,5,user,December,Monday,13,0
constantDelayDoctor,5,user,December,Monday,13,10
constantDelayDoctor,5,user,December,Monday,13,20
constantDelayDoctor,5,user,December,Monday,13,30
constantDelayDoctor,5,user,December,Monday,13,40
constantDelayDoctor,5,user,December,Monday,13,50
constantDelayDoctor,5,user,December,Monday,14,0
constantDelayDoctor,5,user,December,Monday,14,10
constantDelayDoctor,5,user,December,Monday,14,20
constantDelayDoctor,5,user,December,Monday,14,30
constantDelayDoctor,5,user,December,Monday,14,40
constantDelayDoctor,5,user,December,Monday,14,50
constantDelayDoctor,5,user,December,Monday,15,0
constantDelayDoctor,5,user,December,Monday,15,10
constantDelayDoctor,5,user,December,Monday,15,20
constantDelayDoctor,5,user,December,Monday,15,30
constantDelayDoctor,5,user,December,Monday,15,40
constantDelayDoctor,5,user,December,Monday,15,50
constantDelayDoctor,5,user,December,Monday,16,0
constantDelayDoctor,5,user,December,Monday,16,10
constantDelayDoctor,5,user,December,Monday,16,20
constantDelayDoctor,5,user,December,Monday,16,30
constantDelayDoctor,5,user,December,Monday,16,40
constantDelayDoctor,5,user,December,Monday,16,50
constantDelayDoctor,5,user,December,Monday,17,0
constantDelayDoctor,5,user,December,Monday,17,10
constantDelayDoctor,5,user,December,Monday,17,20
constantDelayDoctor,5,user,December,Monday,17,30
constantDelayDoctor,5,user,December,Monday,17,40
constantDelayDoctor,5,user,December,Monday,17,50
constantDelayDoctor,5,user,December,Monday,18,0
constantDelayDoctor,5,user,December,Monday,18,10
constantDelayDoctor,5,user,December,Monday,18,20
constantDelayDoctor,5,user,December,Monday,18,30
constantDelayDoctor,5,user,December,Monday,18,40
constantDelayDoctor,5,user,December,Monday,18,50
constantDelayDoctor,5,user,December,Monday,19,0
constantDelayDoctor,5,user,December,Monday,19,10
constantDelayDoctor,5,user,December,Monday,19,20
constantDelayDoctor,5,user,December,Monday,19,30
constantDelayDoctor,5,user,December,Monday,19,40
constantDelayDoctor,5,user,December,Monday,19,50
constantDelayDoctor,3,user,December,Tuesday,8,0
constantDelayDoctor,3,user,December,Tuesday,8,17
constantDelayDoctor,3,user,December,Tuesday,8,34
constantDelayDoctor,3,user,December,Tuesday,8,51
constantDelayDoctor,3,user,December,Tuesday,9,0
constantDelayDoctor,3,user,December,Tuesday,9,17
constantDelayDoctor,3,user,December,Tuesday,9,34
constantDelayDoctor,3,feedback,December,Tuesday,9,51
constantDelayDoctor,3,user,December,Tuesday,10,0
constantDelayDoctor,3,user,December,Tuesday,10,17
constantDelayDoctor,3,user,December,Tuesday,10,34
constantDelayDoctor,3,feedback,December,Tuesday,10,51
constantDelayDoctor,3,user,December,Tuesday,11,0
constantDelayDoctor,3,user,December,Tuesday,11,17
constantDelayDoctor,3,user,December,Tuesday,11,34
constantDelayDoctor,3,user,December,Tuesday,11,51
constantDelayDoctor,3,user,December,Tuesday,12,0
constantDelayDoctor,3,user,December,Tuesday,12,17
constantDelayDoctor,3,feedback,December,Tuesday,12,34
constantDelayDoctor,3,feedback,December,Tuesday,12,51
constantDelayDoctor,3,user,December,Tuesday,13,0
constantDelayDoctor,3,user,December,Tuesday,13,17
constantDelayDoctor,3,user,December,Tuesday,13,34
constantDelayDoctor,3,user,December,Tuesday,13,51
constantDelayDoctor,3,user,December,Tuesday,14,0
constantDelayDoctor,3,user,December,Tuesday,14,17
constantDelayDoctor,3,user,December,Tuesday,14,34
constantDelayDoctor,3,user,December,Tuesday,14,51
constantDelayDoctor,3,user,December,Tuesday,15,0
constantDelayDoctor,3,user,December,Tuesday,15,17
constantDelayDoctor,3,user,December,Tuesday,15,34
constantDelayDoctor,3,user,December,Tuesday,15,51
constantDelayDoctor,3,user,December,Tuesday,16,0
constantDelayDoctor,3,user,December,Tuesday,16,17
constantDelayDoctor,3,user,December,Tuesday,16,34
constantDelayDoctor,3,user,December,Tuesday,16,51
constantDelayDoctor,3,user,December,Tuesday,17,0
constantDelayDoctor,3,user,December,Tuesday,17,17
constantDelayDoctor,3,user,December,Tuesday,17,34
constantDelayDoctor,3,user,December,Tuesday,17,51
constantDelayDoctor,3,user,December,Tuesday,18,0
constantDelayDoctor,3,user,December,Tuesday,18,17
constantDelayDoctor,3,user,December,Tuesday,18,34
constantDelayDoctor,3,user,December,Tuesday,18,51
constantDelayDoctor,3,user,December,Tuesday,19,0
constantDelayDoctor,3,user,December,Tuesday,19,17
constantDelayDoctor,3,user,December,Tuesday,19,34
constantDelayDoctor,3,user,December,Tuesday,19,51
constantDelayDoctor,7,user,December,Wednesday,8,0
constantDelayDoctor,10,user,December,Wednesday,8,0
constantDelayDoctor,10,user,December,Wednesday,8,30
constantDelayDoctor,7,user,December,Wednesday,8,40
constantDelayDoctor,7,user,December,Wednesday,9,0
constantDelayDoctor,10,user,December,Wednesday,9,0
constantDelayDoctor,10,user,December,Wednesday,9,30
constantDelayDoctor,7,user,December,Wednesday,9,40
constantDelayDoctor,7,user,December,Wednesday,10,0
constantDelayDoctor,10,user,December,Wednesday,10,0
constantDelayDoctor,10,user,December,Wednesday,10,30
constantDelayDoctor,7,user,December,Wednesday,10,40
constantDelayDoctor,7,user,December,Wednesday,11,0
constantDelayDoctor,10,user,December,Wednesday,11,0
constantDelayDoctor,10,user,December,Wednesday,11,30
constantDelayDoctor,7,user,December,Wednesday,11,40
constantDelayDoctor,7,user,December,Wednesday,12,0
constantDelayDoctor,10,user,December,Wednesday,12,0
constantDelayDoctor,10,user,December,Wednesday,12,30
constantDelayDoctor,7,user,December,Wednesday,12,40
constantDelayDoctor,7,user,December,Wednesday,13,0
constantDelayDoctor,10,user,December,Wednesday,13,0
constantDelayDoctor,10,user,December,Wednesday,13,30
constantDelayDoctor,7,user,December,Wednesday,13,40
constantDelayDoctor,7,user,December,Wednesday,14,0
constantDelayDoctor,10,user,December,Wednesday,14,0
constantDelayDoctor,10,user,December,Wednesday,14,30
constantDelayDoctor,7,user,December,Wednesday,14,40
constantDelayDoctor,7,user,December,Wednesday,15,0
constantDelayDoctor,10,user,December,Wednesday,15,0
constantDelayDoctor,10,user,December,Wednesday,15,30
constantDelayDoctor,7,user,December,Wednesday,15,40
constantDelayDoctor,7,user,December,Wednesday,16,0
constantDelayDoctor,10,user,December,Wednesday,16,0
constantDelayDoctor,10,user,December,Wednesday,16,30
constantDelayDoctor,7,user,December,Wednesday,16,40
constantDelayDoctor,7,user,December,Wednesday,17,0
constantDelayDoctor,10,user,December,Wednesday,17,0
constantDelayDoctor,10,user,December,Wednesday,17,30
constantDelayDoctor,7,user,December,Wednesday,17,40
constantDelayDoctor,7,user,December,Wednesday,18,0
constantDelayDoctor,10,user,December,Wednesday,18,0
constantDelayDoctor,10,user,December,Wednesday,18,30
constantDelayDoctor,7,user,December,Wednesday,18,40
constantDelayDoctor,7,user,December,Wednesday,19,0
constantDelayDoctor,10,user,December,Wednesday,19,0
constantDelayDoctor,10,user,December,Wednesday,19,30
constantDelayDoctor,7,user,December,Wednesday,19,40
constantDelayDoctor,5,user,December,Thursday,8,0
constantDelayDoctor,5,user,December,Thursday,8,30
constantDelayDoctor,5,user,December,Thursday,9,0
constantDelayDoctor,5,user,December,Thursday,9,30
constantDelayDoctor,5,user,December,Thursday,10,0
constantDelayDoctor,5,user,December,Thursday,10,30
constantDelayDoctor,5,user,December,Thursday,11,0
constantDelayDoctor,5,user,December,Thursday,11,30
constantDelayDoctor,5,user,December,Thursday,12,0
constantDelayDoctor,5,user,December,Thursday,12,30
constantDelayDoctor,5,user,December,Thursday,13,0
constantDelayDoctor,5,user,December,Thursday,13,30
constantDelayDoctor,5,user,December,Thursday,14,0
constantDelayDoctor,5,user,December,Thursday,14,30
constantDelayDoctor,5,user,December,Thursday,15,0
constantDelayDoctor,5,user,December,Thursday,15,30
constantDelayDoctor,5,user,December,Thursday,16,0
constantDelayDoctor,5,user,December,Thursday,16,30
constantDelayDoctor,5,user,December,Thursday,17,0
constantDelayDoctor,5,user,December,Thursday,17,30
constantDelayDoctor,5,user,December,Thursday,18,0
constantDelayDoctor,5,user,December,Thursday,18,30
constantDelayDoctor,5,user,December,Thursday,19,0
constantDelayDoctor,5,user,December,Thursday,19,30
Guli Gool,13,user,December,Tuesday,23,1
Guli Gool,13,user,December,Tuesday,23,3
Guli Goool,7,user,December,Tuesday,23,4
Guli Gooool,0,user,December,Tuesday,23,13
Guli Gooool,0,user,December,Tuesday,23,14
Itay Ventura,2,user,November,Tuesday,9,0
Itay Ventura,10,user,November,Tuesday,11,43
Itay Ventura,8,user,November,Tuesday,11,45
Itay Ventura,9,user,November,Tuesday,11,45
Itay Ventura,11,user,November,Tuesday,11,50
Itay Ventura,8,user,November,Tuesday,11,53
Itay Ventura,6,user,November,Tuesday,11,59
Itay Ventura,8,user,November,Tuesday,12,15
Itay Ventura,10,user,November,Tuesday,12,20
Itay Ventura,15,user,November,Tuesday,12,40
Itay Ventura,17,user,November,Tuesday,12,45
Itay Ventura,12,user,November,Tuesday,13,0
Itay Ventura,10,user,November,Tuesday,13,6
Itay Ventura,5,user,November,Tuesday,13,40
Itay Ventura,7,user,November,Tuesday,16,0
Itay Ventura,5,user,November,Tuesday,16,20
Itay Ventura,7,user,November,Tuesday,16,40
Itay Ventura,7,user,November,Tuesday,16,40
Itay Ventura,7,user,November,Tuesday,16,44
Itay Ventura,2,user,November,Friday,10,0
Itay Ventura,4,user,November,Friday,10,1
Itay Ventura,0,user,November,Friday,10,54
Itay Ventura,1,user,December,Saturday,11,47
LinearDelayDoctor,0,user,December,Sunday,8,0
LinearDelayDoctor,1,user,December,Sunday,8,10
LinearDelayDoctor,2,user,December,Sunday,8,20
LinearDelayDoctor,3,user,December,Sunday,8,30
LinearDelayDoctor,4,user,December,Sunday,8,40
LinearDelayDoctor,5,user,December,Sunday,8,50
LinearDelayDoctor,6,user,December,Sunday,9,0
LinearDelayDoctor,7,user,December,Sunday,9,10
LinearDelayDoctor,8,user,December,Sunday,9,20
LinearDelayDoctor,9,user,December,Sunday,9,30
LinearDelayDoctor,10,user,December,Sunday,9,40
LinearDelayDoctor,11,user,December,Sunday,9,50
LinearDelayDoctor,12,user,December,Sunday,10,0
LinearDelayDoctor,13,user,December,Sunday,10,10
LinearDelayDoctor,14,user,December,Sunday,10,20
LinearDelayDoctor,15,user,December,Sunday,10,30
LinearDelayDoctor,16,user,December,Sunday,10,40
LinearDelayDoctor,17,user,December,Sunday,10,50
LinearDelayDoctor,18,user,December,Sunday,11,0
LinearDelayDoctor,19,user,December,Sunday,11,10
LinearDelayDoctor,20,user,December,Sunday,11,20
LinearDelayDoctor,21,user,December,Sunday,11,30
LinearDelayDoctor,22,user,December,Sunday,11,40
LinearDelayDoctor,23,user,December,Sunday,11,50
LinearDelayDoctor,24,user,December,Sunday,12,0
LinearDelayDoctor,25,user,December,Sunday,12,10
LinearDelayDoctor,26,user,December,Sunday,12,20
LinearDelayDoctor,27,user,December,Sunday,12,30
LinearDelayDoctor,28,user,December,Sunday,12,40
LinearDelayDoctor,29,user,December,Sunday,12,50
LinearDelayDoctor,30,user,December,Sunday,13,0
LinearDelayDoctor,31,user,December,Sunday,13,10
LinearDelayDoctor,32,user,December,Sunday,13,20
LinearDelayDoctor,33,user,December,Sunday,13,30
LinearDelayDoctor,34,user,December,Sunday,13,40
LinearDelayDoctor,35,user,December,Sunday,13,50
LinearDelayDoctor,36,user,December,Sunday,14,0
LinearDelayDoctor,37,user,December,Sunday,14,10
LinearDelayDoctor,38,user,December,Sunday,14,20
LinearDelayDoctor,39,user,December,Sunday,14,30
LinearDelayDoctor,40,user,December,Sunday,14,40
LinearDelayDoctor,41,user,December,Sunday,14,50
LinearDelayDoctor,42,user,December,Sunday,15,0
LinearDelayDoctor,43,user,December,Sunday,15,10
LinearDelayDoctor,44,user,December,Sunday,15,20
LinearDelayDoctor,45,user,December,Sunday,15,30
LinearDelayDoctor,46,user,December,Sunday,15,40
LinearDelayDoctor,47,user,December,Sunday,15,50
LinearDelayDoctor,48,user,December,Sunday,16,0
LinearDelayDoctor,49,user,December,Sunday,16,10
LinearDelayDoctor,50,user,December,Sunday,16,20
LinearDelayDoctor,51,user,December,Sunday,16,30
LinearDelayDoctor,52,user,December,Sunday,16,40
LinearDelayDoctor,53,user,December,Sunday,16,50
LinearDelayDoctor,54,user,December,Sunday,17,0
LinearDelayDoctor,55,user,December,Sunday,17,10
LinearDelayDoctor,56,user,December,Sunday,17,20
LinearDelayDoctor,57,user,December,Sunday,17,30
LinearDelayDoctor,58,user,December,Sunday,17,40
LinearDelayDoctor,59,user,December,Sunday,17,50
LinearDelayDoctor,60,user,December,Sunday,18,0
LinearDelayDoctor,61,user,December,Sunday,18,10
LinearDelayDoctor,62,user,December,Sunday,18,20
LinearDelayDoctor,63,user,December,Sunday,18,30
LinearDelayDoctor,64,user,December,Sunday,18,40
LinearDelayDoctor,65,user,December,Sunday,18,50
LinearDelayDoctor,66,user,December,Sunday,19,0
LinearDelayDoctor,67,user,December,Sunday,19,10
LinearDelayDoctor,68,user,December,Sunday,19,20
LinearDelayDoctor,69,user,December,Sunday,19,30
LinearDelayDoctor,70,user,December,Sunday,19,40
LinearDelayDoctor,71,user,December,Sunday,19,50
LinearDelayDoctor,0,user,December,Monday,8,0
LinearDelayDoctor,2,user,December,Monday,8,17
LinearDelayDoctor,4,user,December,Monday,8,34
LinearDelayDoctor,6,user,December,Monday,8,51
LinearDelayDoctor,7,user,December,Monday,9,0
LinearDelayDoctor,10,user,December,Monday,9,17
LinearDelayDoctor,12,user,December,Monday,9,34
LinearDelayDoctor,14,user,December,Monday,9,51
LinearDelayDoctor,15,user,December,Monday,10,0
LinearDelayDoctor,17,user,December,Monday,10,17
LinearDelayDoctor,20,user,December,Monday,10,34
LinearDelayDoctor,22,user,December,Monday,10,51
LinearDelayDoctor,23,user,December,Monday,11,0
LinearDelayDoctor,25,user,December,Monday,11,17
LinearDelayDoctor,27,user,December,Monday,11,34
LinearDelayDoctor,30,user,December,Monday,11,51
LinearDelayDoctor,31,user,December,Monday,12,0
LinearDelayDoctor,33,user,December,Monday,12,17
LinearDelayDoctor,35,user,December,Monday,12,34
LinearDelayDoctor,37,user,December,Monday,12,51
LinearDelayDoctor,39,user,December,Monday,13,0
LinearDelayDoctor,41,user,December,Monday,13,17
LinearDelayDoctor,43,user,December,Monday,13,34
LinearDelayDoctor,45,user,December,Monday,13,51
LinearDelayDoctor,46,user,December,Monday,14,0
LinearDelayDoctor,49,user,December,Monday,14,17
LinearDelayDoctor,51,user,December,Monday,14,34
LinearDelayDoctor,53,user,December,Monday,14,51
LinearDelayDoctor,54,user,December,Monday,15,0
LinearDelayDoctor,56,user,December,Monday,15,17
LinearDelayDoctor,59,user,December,Monday,15,34
LinearDelayDoctor,61,user,December,Monday,15,51
LinearDelayDoctor,62,user,December,Monday,16,0
LinearDelayDoctor,64,user,December,Monday,16,17
LinearDelayDoctor,66,user,December,Monday,16,34
LinearDelayDoctor,69,user,December,Monday,16,51
LinearDelayDoctor,70,user,December,Monday,17,0
LinearDelayDoctor,72,user,December,Monday,17,17
LinearDelayDoctor,74,user,December,Monday,17,34
LinearDelayDoctor,76,user,December,Monday,17,51
LinearDelayDoctor,78,user,December,Monday,18,0
LinearDelayDoctor,80,user,December,Monday,18,17
LinearDelayDoctor,82,user,December,Monday,18,34
LinearDelayDoctor,84,user,December,Monday,18,51
LinearDelayDoctor,85,user,December,Monday,19,0
LinearDelayDoctor,88,user,December,Monday,19,17
LinearDelayDoctor,90,user,December,Monday,19,34
LinearDelayDoctor,92,user,December,Monday,19,51
LinearDelayDoctor,5,user,December,Tuesday,8,0
LinearDelayDoctor,5,user,December,Tuesday,8,7
LinearDelayDoctor,6,user,December,Tuesday,8,14
LinearDelayDoctor,6,user,December,Tuesday,8,21
LinearDelayDoctor,7,user,December,Tuesday,8,28
LinearDelayDoctor,7,user,December,Tuesday,8,35
LinearDelayDoctor,8,user,December,Tuesday,8,42
LinearDelayDoctor,8,user,December,Tuesday,8,49
LinearDelayDoctor,9,user,December,Tuesday,8,56
LinearDelayDoctor,9,user,December,Tuesday,9,0
LinearDelayDoctor,9,user,December,Tuesday,9,7
LinearDelayDoctor,10,user,December,Tuesday,9,14
LinearDelayDoctor,10,user,December,Tuesday,9,21
LinearDelayDoctor,11,user,December,Tuesday,9,28
LinearDelayDoctor,11,user,December,Tuesday,9,35
LinearDelayDoctor,12,user,December,Tuesday,9,42
LinearDelayDoctor,12,user,December,Tuesday,9,49
LinearDelayDoctor,13,user,December,Tuesday,9,56
LinearDelayDoctor,13,user,December,Tuesday,10,0
LinearDelayDoctor,14,user,December,Tuesday,10,7
LinearDelayDoctor,14,user,December,Tuesday,10,14
LinearDelayDoctor,15,user,December,Tuesday,10,21
LinearDelayDoctor,15,user,December,Tuesday,10,28
LinearDelayDoctor,16,user,December,Tuesday,10,35
LinearDelayDoctor,16,user,December,Tuesday,10,42
LinearDelayDoctor,17,user,December,Tuesday,10,49
LinearDelayDoctor,17,user,December,Tuesday,10,56
LinearDelayDoctor,17,user,December,Tuesday,11,0
LinearDelayDoctor,18,user,December,Tuesday,11,7
LinearDelayDoctor,18,user,December,Tuesday,11,14
LinearDelayDoctor,19,user,December,Tuesday,11,21
LinearDelayDoctor,19,user,December,Tuesday,11,28
LinearDelayDoctor,20,user,December,Tuesday,11,35
LinearDelayDoctor,20,user,December,Tuesday,11,42
LinearDelayDoctor,21,user,December,Tuesday,11,49
LinearDelayDoctor,21,user,December,Tuesday,11,56
LinearDelayDoctor,22,user,December,Tuesday,12,0
LinearDelayDoctor,22,user,December,Tuesday,12,7
LinearDelayDoctor,23,user,December,Tuesday,12,14
LinearDelayDoctor,23,user,December,Tuesday,12,21
LinearDelayDoctor,24,user,December,Tuesday,12,28
LinearDelayDoctor,24,user,December,Tuesday,12,35
LinearDelayDoctor,25,user,December,Tuesday,12,42
LinearDelayDoctor,25,user,December,Tuesday,12,49
LinearDelayDoctor,26,user,December,Tuesday,12,56
LinearDelayDoctor,26,user,December,Tuesday,13,0
LinearDelayDoctor,26,user,December,Tuesday,13,7
LinearDelayDoctor,27,user,December,Tuesday,13,14
LinearDelayDoctor,27,user,December,Tuesday,13,21
LinearDelayDoctor,28,user,December,Tuesday,13,28
LinearDelayDoctor,28,user,December,Tuesday,13,35
LinearDelayDoctor,29,user,December,Tuesday,13,42
LinearDelayDoctor,29,user,December,Tuesday,13,49
LinearDelayDoctor,30,user,December,Tuesday,13,56
LinearDelayDoctor,30,user,December,Tuesday,14,0
LinearDelayDoctor,30,user,December,Tuesday,14,7
LinearDelayDoctor,31,user,December,Tuesday,14,14
LinearDelayDoctor,31,user,December,Tuesday,14,21
LinearDelayDoctor,32,user,December,Tuesday,14,28
LinearDelayDoctor,32,user,December,Tuesday,14,35
LinearDelayDoctor,33,user,December,Tuesday,14,42
LinearDelayDoctor,33,user,December,Tuesday,14,49
LinearDelayDoctor,34,user,December,Tuesday,14,56
LinearDelayDoctor,34,user,December,Tuesday,15,0
LinearDelayDoctor,35,user,December,Tuesday,15,7
LinearDelayDoctor,35,user,December,Tuesday,15,14
LinearDelayDoctor,36,user,December,Tuesday,15,21
LinearDelayDoctor,36,user,December,Tuesday,15,28
LinearDelayDoctor,37,user,December,Tuesday,15,35
LinearDelayDoctor,37,user,December,Tuesday,15,42
LinearDelayDoctor,38,user,December,Tuesday,15,49
LinearDelayDoctor,38,user,December,Tuesday,15,56
LinearDelayDoctor,38,user,December,Tuesday,16,0
LinearDelayDoctor,39,user,December,Tuesday,16,7
LinearDelayDoctor,39,user,December,Tuesday,16,14
LinearDelayDoctor,40,user,December,Tuesday,16,21
LinearDelayDoctor,40,user,December,Tuesday,16,28
LinearDelayDoctor,41,user,December,Tuesday,16,35
LinearDelayDoctor,41,user,December,Tuesday,16,42
LinearDelayDoctor,42,user,December,Tuesday,16,49
LinearDelayDoctor,42,user,December,Tuesday,16,56
LinearDelayDoctor,43,user,December,Tuesday,17,0
LinearDelayDoctor,43,user,December,Tuesday,17,7
LinearDelayDoctor,44,user,December,Tuesday,17,14
LinearDelayDoctor,44,user,December,Tuesday,17,21
LinearDelayDoctor,45,user,December,Tuesday,17,28
LinearDelayDoctor,45,user,December,Tuesday,17,35
LinearDelayDoctor,46,user,December,Tuesday,17,42
LinearDelayDoctor,46,user,December,Tuesday,17,49
LinearDelayDoctor,47,user,December,Tuesday,17,56
LinearDelayDoctor,47,user,December,Tuesday,18,0
LinearDelayDoctor,47,user,December,Tuesday,18,7
LinearDelayDoctor,48,user,December,Tuesday,18,14
LinearDelayDoctor,48,user,December,Tuesday,18,21
LinearDelayDoctor,49,user,December,Tuesday,18,28
LinearDelayDoctor,49,user,December,Tuesday,18,35
LinearDelayDoctor,50,user,December,Tuesday,18,42
LinearDelayDoctor,50,user,December,Tuesday,18,49
LinearDelayDoctor,51,user,December,Tuesday,18,56
LinearDelayDoctor,51,user,December,Tuesday,19,0
LinearDelayDoctor,51,user,December,Tuesday,19,7
LinearDelayDoctor,52,user,December,Tuesday,19,14
LinearDelayDoctor,52,user,December,Tuesday,19,21
LinearDelayDoctor,53,user,December,Tuesday,19,28
LinearDelayDoctor,53,user,December,Tuesday,19,35
LinearDelayDoctor,54,user,December,Tuesday,19,42
LinearDelayDoctor,54,user,December,Tuesday,19,49
LinearDelayDoctor,55,user,December,Tuesday,19,56
LinearDelayDoctor,1,user,December,Wednesday,8,0
LinearDelayDoctor,1,user,December,Wednesday,8,7
LinearDelayDoctor,1,user,December,Wednesday,8,14
LinearDelayDoctor,1,user,December,Wednesday,8,21
LinearDelayDoctor,1,user,December,Wednesday,8,28
LinearDelayDoctor,2,user,December,Wednesday,8,35
LinearDelayDoctor,2,user,December,Wednesday,8,42
LinearDelayDoctor,2,user,December,Wednesday,8,49
LinearDelayDoctor,2,user,December,Wednesday,8,56
LinearDelayDoctor,2,user,December,Wednesday,9,0
LinearDelayDoctor,2,user,December,Wednesday,9,7
LinearDelayDoctor,2,user,December,Wednesday,9,14
LinearDelayDoctor,3,user,December,Wednesday,9,21
LinearDelayDoctor,3,user,December,Wednesday,9,28
LinearDelayDoctor,3,user,December,Wednesday,9,35
LinearDelayDoctor,3,user,December,Wednesday,9,42
LinearDelayDoctor,3,user,December,Wednesday,9,49
LinearDelayDoctor,3,user,December,Wednesday,9,56
LinearDelayDoctor,3,user,December,Wednesday,10,0
LinearDelayDoctor,3,user,December,Wednesday,10,7
LinearDelayDoctor,4,user,December,Wednesday,10,14
LinearDelayDoctor,4,user,December,Wednesday,10,21
LinearDelayDoctor,4,user,December,Wednesday,10,28
LinearDelayDoctor,4,user,December,Wednesday,10,35
LinearDelayDoctor,4,user,December,Wednesday,10,42
LinearDelayDoctor,4,user,December,Wednesday,10,49
LinearDelayDoctor,4,user,December,Wednesday,10,56
LinearDelayDoctor,5,user,December,Wednesday,11,0
LinearDelayDoctor,5,user,December,Wednesday,11,7
LinearDelayDoctor,5,user,December,Wednesday,11,14
LinearDelayDoctor,5,user,December,Wednesday,11,21
LinearDelayDoctor,5,user,December,Wednesday,11,28
LinearDelayDoctor,5,user,December,Wednesday,11,35
LinearDelayDoctor,5,user,December,Wednesday,11,42
LinearDelayDoctor,5,user,December,Wednesday,11,49
LinearDelayDoctor,6,user,December,Wednesday,11,56
LinearDelayDoctor,6,user,December,Wednesday,12,0
LinearDelayDoctor,6,user,December,Wednesday,12,7
LinearDelayDoctor,6,user,December,Wednesday,12,14
LinearDelayDoctor,6,user,December,Wednesday,12,21
LinearDelayDoctor,6,user,December,Wednesday,12,28
LinearDelayDoctor,6,user,December,Wednesday,12,35
LinearDelayDoctor,7,user,December,Wednesday,12,42
LinearDelayDoctor,7,user,December,Wednesday,12,49
LinearDelayDoctor,7,user,December,Wednesday,12,56
LinearDelayDoctor,7,user,December,Wednesday,13,0
LinearDelayDoctor,7,user,December,Wednesday,13,7
LinearDelayDoctor,7,user,December,Wednesday,13,14
LinearDelayDoctor,7,user,December,Wednesday,13,21
LinearDelayDoctor,7,user,December,Wednesday,13,28
LinearDelayDoctor,8,user,December,Wednesday,13,35
LinearDelayDoctor,8,user,December,Wednesday,13,42
LinearDelayDoctor,8,user,December,Wednesday,13,49
LinearDelayDoctor,8,user,December,Wednesday,13,56
LinearDelayDoctor,8,user,December,Wednesday,14,0
LinearDelayDoctor,8,user,December,Wednesday,14,7
LinearDelayDoctor,8,user,December,Wednesday,14,14
LinearDelayDoctor,9,user,December,Wednesday,14,21
LinearDelayDoctor,9,user,December,Wednesday,14,28
LinearDelayDoctor,9,user,December,Wednesday,14,35
LinearDelayDoctor,9,user,December,Wednesday,14,42
LinearDelayDoctor,9,user,December,Wednesday,14,49
LinearDelayDoctor,9,user,December,Wednesday,14,56
LinearDelayDoctor,9,user,December,Wednesday,15,0
LinearDelayDoctor,9,user,December,Wednesday,15,7
LinearDelayDoctor,10,user,December,Wednesday,15,14
LinearDelayDoctor,10,user,December,Wednesday,15,21
LinearDelayDoctor,10,user,December,Wednesday,15,28
LinearDelayDoctor,10,user,December,Wednesday,15,35
LinearDelayDoctor,10,user,December,Wednesday,15,42
LinearDelayDoctor,10,user,December,Wednesday,15,49
LinearDelayDoctor,10,user,December,Wednesday,15,56
LinearDelayDoctor,11,user,December,Wednesday,16,0
LinearDelayDoctor,11,user,December,Wednesday,16,7
LinearDelayDoctor,11,user,December,Wednesday,16,14
LinearDelayDoctor,11,user,December,Wednesday,16,21
LinearDelayDoctor,11,user,December,Wednesday,16,28
LinearDelayDoctor,11,user,December,Wednesday,16,35
LinearDelayDoctor,11,user,December,Wednesday,16,42
LinearDelayDoctor,11,user,December,Wednesday,16,49
LinearDelayDoctor,12,user,December,Wednesday,16,56
LinearDelayDoctor,12,user,December,Wednesday,17,0
LinearDelayDoctor,12,user,December,Wednesday,17,7
LinearDelayDoctor,12,user,December,Wednesday,17,14
LinearDelayDoctor,12,user,December,Wednesday,17,21
LinearDelayDoctor,12,user,December,Wednesday,17,28
LinearDelayDoctor,12,user,December,Wednesday,17,35
LinearDelayDoctor,13,user,December,Wednesday,17,42
LinearDelayDoctor,13,user,December,Wednesday,17,49
LinearDelayDoctor,13,user,December,Wednesday,17,56
LinearDelayDoctor,13,user,December,Wednesday,18,0
LinearDelayDoctor,13,user,December,Wednesday,18,7
LinearDelayDoctor,13,user,December,Wednesday,18,14
LinearDelayDoctor,13,user,December,Wednesday,18,21
LinearDelayDoctor,13,user,December,Wednesday,18,28
LinearDelayDoctor,14,user,December,Wednesday,18,35
LinearDelayDoctor,14,user,December,Wednesday,18,42
LinearDelayDoctor,14,user,December,Wednesday,18,49
LinearDelayDoctor,14,user,December,Wednesday,18,56
LinearDelayDoctor,14,user,December,Wednesday,19,0
LinearDelayDoctor,14,user,December,Wednesday,19,7
LinearDelayDoctor,14,user,December,Wednesday,19,14
LinearDelayDoctor,15,user,December,Wednesday,19,21
LinearDelayDoctor,15,user,December,Wednesday,19,28
LinearDelayDoctor,15,user,December,Wednesday,19,35
LinearDelayDoctor,15,user,December,Wednesday,19,42
LinearDelayDoctor,15,user,December,Wednesday,19,49
LinearDelayDoctor,15,user,December,Wednesday,19,56
LinearDelayDoctor,0,user,December,Thursday,8,0
LinearDelayDoctor,1,user,December,Thursday,8,12
LinearDelayDoctor,1,user,December,Thursday,8,24
LinearDelayDoctor,1,user,December,Thursday,8,36
LinearDelayDoctor,2,user,December,Thursday,8,48
LinearDelayDoctor,2,user,December,Thursday,9,0
LinearDelayDoctor,2,user,December,Thursday,9,12
LinearDelayDoctor,3,user,December,Thursday,9,24
LinearDelayDoctor,3,user,December,Thursday,9,36
LinearDelayDoctor,4,user,December,Thursday,9,48
LinearDelayDoctor,4,user,December,Thursday,10,0
LinearDelayDoctor,4,user,December,Thursday,10,12
LinearDelayDoctor,5,user,December,Thursday,10,24
LinearDelayDoctor,5,user,December,Thursday,10,36
LinearDelayDoctor,5,user,December,Thursday,10,48
LinearDelayDoctor,6,user,December,Thursday,11,0
LinearDelayDoctor,6,user,December,Thursday,11,12
LinearDelayDoctor,6,user,December,Thursday,11,24
LinearDelayDoctor,7,user,December,Thursday,11,36
LinearDelayDoctor,7,user,December,Thursday,11,48
LinearDelayDoctor,7,user,December,Thursday,12,0
LinearDelayDoctor,8,user,December,Thursday,12,12
LinearDelayDoctor,8,user,December,Thursday,12,24
LinearDelayDoctor,9,user,December,Thursday,12,36
LinearDelayDoctor,9,user,December,Thursday,12,48
LinearDelayDoctor,9,user,December,Thursday,13,0
LinearDelayDoctor,10,user,December,Thursday,13,12
LinearDelayDoctor,10,user,December,Thursday,13,24
LinearDelayDoctor,10,user,December,Thursday,13,36
LinearDelayDoctor,11,user,December,Thursday,13,48
LinearDelayDoctor,11,user,December,Thursday,14,0
LinearDelayDoctor,11,user,December,Thursday,14,12
LinearDelayDoctor,12,user,December,Thursday,14,24
LinearDelayDoctor,12,user,December,Thursday,14,36
LinearDelayDoctor,13,user,December,Thursday,14,48
LinearDelayDoctor,13,user,December,Thursday,15,0
LinearDelayDoctor,13,user,December,Thursday,15,12
LinearDelayDoctor,14,user,December,Thursday,15,24
LinearDelayDoctor,14,user,December,Thursday,15,36
LinearDelayDoctor,14,user,December,Thursday,15,48
LinearDelayDoctor,15,user,December,Thursday,16,0
LinearDelayDoctor,15,user,December,Thursday,16,12
LinearDelayDoctor,15,user,December,Thursday,16,24
LinearDelayDoctor,16,user,December,Thursday,16,36
LinearDelayDoctor,16,user,December,Thursday,16,48
LinearDelayDoctor,17,user,December,Thursday,17,0
LinearDelayDoctor,17,user,December,Thursday,17,12
LinearDelayDoctor,17,user,December,Thursday,17,24
LinearDelayDoctor,18,user,December,Thursday,17,36
LinearDelayDoctor,18,user,December,Thursday,17,48
LinearDelayDoctor,18,user,December,Thursday,18,0
LinearDelayDoctor,19,user,December,Thursday,18,12
LinearDelayDoctor,19,user,December,Thursday,18,24
LinearDelayDoctor,19,user,December,Thursday,18,36
LinearDelayDoctor,20,user,December,Thursday,18,48
LinearDelayDoctor,20,user,December,Thursday,19,0
LinearDelayDoctor,20,user,December,Thursday,19,12
LinearDelayDoctor,21,user,December,Thursday,19,24
LinearDelayDoctor,21,user,December,Thursday,19,36
LinearDelayDoctor,22,user,December,Thursday,19,48
Lior Carmon,0,user,November,Friday,10,54
Michal Deutch,15,user,November,Thursday,15,30
QuadraticDelayDoctor,0,user,December,Sunday,8,0
QuadraticDelayDoctor,0,user,December,Sunday,8,7
QuadraticDelayDoctor,1,user,December,Sunday,8,14
QuadraticDelayDoctor,1,user,December,Sunday,8,21
QuadraticDelayDoctor,1,user,December,Sunday,8,28
QuadraticDelayDoctor,2,user,December,Sunday,8,35
QuadraticDelayDoctor,2,user,December,Sunday,8,42
QuadraticDelayDoctor,3,user,December,Sunday,8,49
QuadraticDelayDoctor,4,user,December,Sunday,8,56
QuadraticDelayDoctor,4,user,December,Sunday,9,0
QuadraticDelayDoctor,5,user,December,Sunday,9,7
QuadraticDelayDoctor,6,user,December,Sunday,9,14
QuadraticDelayDoctor,7,user,December,Sunday,9,21
QuadraticDelayDoctor,8,user,December,Sunday,9,28
QuadraticDelayDoctor,10,user,December,Sunday,9,35
QuadraticDelayDoctor,11,user,December,Sunday,9,42
QuadraticDelayDoctor,13,user,December,Sunday,9,49
QuadraticDelayDoctor,14,user,December,Sunday,9,56
QuadraticDelayDoctor,15,user,December,Sunday,10,0
QuadraticDelayDoctor,17,user,December,Sunday,10,7
QuadraticDelayDoctor,19,user,December,Sunday,10,14
QuadraticDelayDoctor,21,user,December,Sunday,10,21
QuadraticDelayDoctor,23,user,December,Sunday,10,28
QuadraticDelayDoctor,25,user,December,Sunday,10,35
QuadraticDelayDoctor,27,user,December,Sunday,10,42
QuadraticDelayDoctor,30,user,December,Sunday,10,49
QuadraticDelayDoctor,32,user,December,Sunday,10,56
QuadraticDelayDoctor,34,user,December,Sunday,11,0
QuadraticDelayDoctor,36,user,December,Sunday,11,7
QuadraticDelayDoctor,39,user,December,Sunday,11,14
QuadraticDelayDoctor,42,user,December,Sunday,11,21
QuadraticDelayDoctor,45,user,December,Sunday,11,28
QuadraticDelayDoctor,48,user,December,Sunday,11,35
QuadraticDelayDoctor,51,user,December,Sunday,11,42
QuadraticDelayDoctor,54,user,December,Sunday,11,49
QuadraticDelayDoctor,57,user,December,Sunday,11,56
QuadraticDelayDoctor,59,user,December,Sunday,12,0
QuadraticDelayDoctor,63,user,December,Sunday,12,7
QuadraticDelayDoctor,66,user,December,Sunday,12,14
QuadraticDelayDoctor,70,user,December,Sunday,12,21
QuadraticDelayDoctor,73,user,December,Sunday,12,28
QuadraticDelayDoctor,77,user,December,Sunday,12,35
QuadraticDelayDoctor,81,user,December,Sunday,12,42
QuadraticDelayDoctor,85,user,December,Sunday,12,49
QuadraticDelayDoctor,89,user,December,Sunday,12,56
QuadraticDelayDoctor,92,user,December,Sunday,13,0
QuadraticDelayDoctor,96,user,December,Sunday,13,7
QuadraticDelayDoctor,100,user,December,Sunday,13,14
QuadraticDelayDoctor,105,user,December,Sunday,13,21
QuadraticDelayDoctor,110,user,December,Sunday,13,28
QuadraticDelayDoctor,114,user,December,Sunday,13,35
QuadraticDelayDoctor,119,user,December,Sunday,13,42
QuadraticDelayDoctor,124,user,December,Sunday,13,49
QuadraticDelayDoctor,129,user,December,Sunday,13,56
QuadraticDelayDoctor,132,user,December,Sunday,14,0
QuadraticDelayDoctor,137,user,December,Sunday,14,7
QuadraticDelayDoctor,142,user,December,Sunday,14,14
QuadraticDelayDoctor,147,user,December,Sunday,14,21
QuadraticDelayDoctor,153,user,December,Sunday,14,28
QuadraticDelayDoctor,158,user,December,Sunday,14,35
QuadraticDelayDoctor,164,user,December,Sunday,14,42
QuadraticDelayDoctor,170,user,December,Sunday,14,49
QuadraticDelayDoctor,175,user,December,Sunday,14,56
QuadraticDelayDoctor,179,user,December,Sunday,15,0
QuadraticDelayDoctor,185,user,December,Sunday,15,7
QuadraticDelayDoctor,191,user,December,Sunday,15,14
QuadraticDelayDoctor,197,user,December,Sunday,15,21
QuadraticDelayDoctor,203,user,December,Sunday,15,28
QuadraticDelayDoctor,210,user,December,Sunday,15,35
QuadraticDelayDoctor,216,user,December,Sunday,15,42
QuadraticDelayDoctor,223,user,December,Sunday,15,49
QuadraticDelayDoctor,229,user,December,Sunday,15,56
QuadraticDelayDoctor,233,user,December,Sunday,16,0
QuadraticDelayDoctor,240,user,December,Sunday,16,7
QuadraticDelayDoctor,247,user,December,Sunday,16,14
QuadraticDelayDoctor,254,user,December,Sunday,16,21
QuadraticDelayDoctor,261,user,December,Sunday,16,28
QuadraticDelayDoctor,268,user,December,Sunday,16,35
QuadraticDelayDoctor,275,user,December,Sunday,16,42
QuadraticDelayDoctor,283,user,December,Sunday,16,49
QuadraticDelayDoctor,290,user,December,Sunday,16,56
QuadraticDelayDoctor,295,user,December,Sunday,17,0
QuadraticDelayDoctor,302,user,December,Sunday,17,7
QuadraticDelayDoctor,310,user,December,Sunday,17,14
QuadraticDelayDoctor,318,user,December,Sunday,17,21
QuadraticDelayDoctor,326,user,December,Sunday,17,28
QuadraticDelayDoctor,334,user,December,Sunday,17,35
QuadraticDelayDoctor,342,user,December,Sunday,17,42
QuadraticDelayDoctor,350,user,December,Sunday,17,49
QuadraticDelayDoctor,358,user,December,Sunday,17,56
QuadraticDelayDoctor,363,user,December,Sunday,18,0
QuadraticDelayDoctor,372,user,December,Sunday,18,7
QuadraticDelayDoctor,380,user,December,Sunday,18,14
QuadraticDelayDoctor,389,user,December,Sunday,18,21
QuadraticDelayDoctor,398,user,December,Sunday,18,28
QuadraticDelayDoctor,407,user,December,Sunday,18,35
QuadraticDelayDoctor,416,user,December,Sunday,18,42
QuadraticDelayDoctor,425,user,December,Sunday,18,49
QuadraticDelayDoctor,434,user,December,Sunday,18,56
QuadraticDelayDoctor,439,user,December,Sunday,19,0
QuadraticDelayDoctor,449,user,December,Sunday,19,7
QuadraticDelayDoctor,458,user,December,Sunday,19,14
QuadraticDelayDoctor,467,user,December,Sunday,19,21
QuadraticDelayDoctor,477,user,December,Sunday,19,28
QuadraticDelayDoctor,487,user,December,Sunday,19,35
QuadraticDelayDoctor,497,user,December,Sunday,19,42
QuadraticDelayDoctor,507,user,December,Sunday,19,49
QuadraticDelayDoctor,517,user,December,Sunday,19,56
QuadraticDelayDoctor,1,user,December,Monday,8,0
QuadraticDelayDoctor,1,user,December,Monday,8,7
QuadraticDelayDoctor,1,user,December,Monday,8,14
QuadraticDelayDoctor,1,user,December,Monday,8,21
QuadraticDelayDoctor,1,user,December,Monday,8,28
QuadraticDelayDoctor,1,user,December,Monday,8,35
QuadraticDelayDoctor,1,user,December,Monday,8,42
QuadraticDelayDoctor,2,user,December,Monday,8,49
QuadraticDelayDoctor,2,user,December,Monday,8,56
QuadraticDelayDoctor,2,user,December,Monday,9,0
QuadraticDelayDoctor,2,user,December,Monday,9,7
QuadraticDelayDoctor,2,user,December,Monday,9,14
QuadraticDelayDoctor,2,user,December,Monday,9,21
QuadraticDelayDoctor,2,user,December,Monday,9,28
QuadraticDelayDoctor,2,user,December,Monday,9,35
QuadraticDelayDoctor,2,user,December,Monday,9,42
QuadraticDelayDoctor,3,user,December,Monday,9,49
QuadraticDelayDoctor,3,user,December,Monday,9,56
QuadraticDelayDoctor,3,user,December,Monday,10,0
QuadraticDelayDoctor,3,user,December,Monday,10,7
QuadraticDelayDoctor,3,user,December,Monday,10,14
QuadraticDelayDoctor,3,user,December,Monday,10,21
QuadraticDelayDoctor,4,user,December,Monday,10,28
QuadraticDelayDoctor,4,user,December,Monday,10,35
QuadraticDelayDoctor,4,user,December,Monday,10,42
QuadraticDelayDoctor,4,user,December,Monday,10,49
QuadraticDelayDoctor,4,user,December,Monday,10,56
QuadraticDelayDoctor,5,user,December,Monday,11,0
QuadraticDelayDoctor,5,user,December,Monday,11,7
QuadraticDelayDoctor,5,user,December,Monday,11,14
QuadraticDelayDoctor,5,user,December,Monday,11,21
QuadraticDelayDoctor,6,user,December,Monday,11,28
QuadraticDelayDoctor,6,user,December,Monday,11,35
QuadraticDelayDoctor,6,user,December,Monday,11,42
QuadraticDelayDoctor,7,user,December,Monday,11,49
QuadraticDelayDoctor,7,user,December,Monday,11,56
QuadraticDelayDoctor,7,user,December,Monday,12,0
QuadraticDelayDoctor,8,user,December,Monday,12,7
QuadraticDelayDoctor,8,user,December,Monday,12,14
QuadraticDelayDoctor,8,user,December,Monday,12,21
QuadraticDelayDoctor,9,user,December,Monday,12,28
QuadraticDelayDoctor,9,user,December,Monday,12,35
QuadraticDelayDoctor,9,user,December,Monday,12,42
QuadraticDelayDoctor,10,user,December,Monday,12,49
QuadraticDelayDoctor,10,user,December,Monday,12,56
QuadraticDelayDoctor,10,user,December,Monday,13,0
QuadraticDelayDoctor,11,user,December,Monday,13,7
QuadraticDelayDoctor,11,user,December,Monday,13,14
QuadraticDelayDoctor,12,user,December,Monday,13,21
QuadraticDelayDoctor,12,user,December,Monday,13,28
QuadraticDelayDoctor,13,user,December,Monday,13,35
QuadraticDelayDoctor,13,user,December,Monday,13,42
QuadraticDelayDoctor,14,user,December,Monday,13,49
QuadraticDelayDoctor,14,user,December,Monday,13,56
QuadraticDelayDoctor,14,user,December,Monday,14,0
QuadraticDelayDoctor,15,user,December,Monday,14,7
QuadraticDelayDoctor,15,user,December,Monday,14,14
QuadraticDelayDoctor,16,user,December,Monday,14,21
QuadraticDelayDoctor,17,user,December,Monday,14,28
QuadraticDelayDoctor,17,user,December,Monday,14,35
QuadraticDelayDoctor,18,user,December,Monday,14,42
QuadraticDelayDoctor,18,user,December,Monday,14,49
QuadraticDelayDoctor,19,user,December,Monday,14,56
QuadraticDelayDoctor,19,user,December,Monday,15,0
QuadraticDelayDoctor,20,user,December,Monday,15,7
QuadraticDelayDoctor,20,user,December,Monday,15,14
QuadraticDelayDoctor,21,user,December,Monday,15,21
QuadraticDelayDoctor,22,user,December,Monday,15,28
QuadraticDelayDoctor,22,user,December,Monday,15,35
QuadraticDelayDoctor,23,user,December,Monday,15,42
QuadraticDelayDoctor,24,user,December,Monday,15,49
QuadraticDelayDoctor,24,user,December,Monday,15,56
QuadraticDelayDoctor,25,user,December,Monday,16,0
QuadraticDelayDoctor,25,user,December,Monday,16,7
QuadraticDelayDoctor,26,user,December,Monday,16,14
QuadraticDelayDoctor,27,user,December,Monday,16,21
QuadraticDelayDoctor,27,user,December,Monday,16,28
QuadraticDelayDoctor,28,user,December,Monday,16,35
QuadraticDelayDoctor,29,user,December,Monday,16,42
QuadraticDelayDoctor,30,user,December,Monday,16,49
QuadraticDelayDoctor,30,user,December,Monday,16,56
QuadraticDelayDoctor,31,user,December,Monday,17,0
QuadraticDelayDoctor,31,user,December,Monday,17,7
QuadraticDelayDoctor,32,user,December,Monday,17,14
QuadraticDelayDoctor,33,user,December,Monday,17,21
QuadraticDelayDoctor,34,user,December,Monday,17,28
QuadraticDelayDoctor,35,user,December,Monday,17,35
QuadraticDelayDoctor,35,user,December,Monday,17,42
QuadraticDelayDoctor,36,user,December,Monday,17,49
QuadraticDelayDoctor,37,user,December,Monday,17,56
QuadraticDelayDoctor,38,user,December,Monday,18,0
QuadraticDelayDoctor,38,user,December,Monday,18,7
QuadraticDelayDoctor,39,user,December,Monday,18,14
QuadraticDelayDoctor,40,user,December,Monday,18,21
QuadraticDelayDoctor,41,user,December,Monday,18,28
QuadraticDelayDoctor,42,user,December,Monday,18,35
QuadraticDelayDoctor,43,user,December,Monday,18,42
QuadraticDelayDoctor,44,user,December,Monday,18,49
QuadraticDelayDoctor,45,user,December,Monday,18,56
QuadraticDelayDoctor,45,user,December,Monday,19,0
QuadraticDelayDoctor,46,user,December,Monday,19,7
QuadraticDelayDoctor,47,user,December,Monday,19,14
QuadraticDelayDoctor,48,user,December,Monday,19,21
QuadraticDelayDoctor,49,user,December,Monday,19,28
QuadraticDelayDoctor,50,user,December,Monday,19,35
QuadraticDelayDoctor,51,user,December,Monday,19,42
QuadraticDelayDoctor,52,user,December,Monday,19,49
QuadraticDelayDoctor,53,user,December,Monday,19,56
QuadraticDelayDoctor,0,user,December,Tuesday,8,0
QuadraticDelayDoctor,0,user,December,Tuesday,8,5
QuadraticDelayDoctor,0,user,December,Tuesday,8,10
QuadraticDelayDoctor,0,user,December,Tuesday,8,15
QuadraticDelayDoctor,0,user,December,Tuesday,8,20
QuadraticDelayDoctor,0,user,December,Tuesday,8,25
QuadraticDelayDoctor,0,user,December,Tuesday,8,30
QuadraticDelayDoctor,0,user,December,Tuesday,8,35
QuadraticDelayDoctor,1,user,December,Tuesday,8,40
QuadraticDelayDoctor,1,user,December,Tuesday,8,45
QuadraticDelayDoctor,1,user,December,Tuesday,8,50
QuadraticDelayDoctor,1,user,December,Tuesday,8,55
QuadraticDelayDoctor,1,user,December,Tuesday,9,0
QuadraticDelayDoctor,1,user,December,Tuesday,9,5
QuadraticDelayDoctor,1,user,December,Tuesday,9,10
QuadraticDelayDoctor,1,user,December,Tuesday,9,15
QuadraticDelayDoctor,1,user,December,Tuesday,9,20
QuadraticDelayDoctor,1,user,December,Tuesday,9,25
QuadraticDelayDoctor,1,user,December,Tuesday,9,30
QuadraticDelayDoctor,1,user,December,Tuesday,9,35
QuadraticDelayDoctor,1,user,December,Tuesday,9,40
QuadraticDelayDoctor,1,user,December,Tuesday,9,45
QuadraticDelayDoctor,1,user,December,Tuesday,9,50
QuadraticDelayDoctor,1,user,December,Tuesday,9,55
QuadraticDelayDoctor,1,user,December,Tuesday,10,0
QuadraticDelayDoctor,1,user,December,Tuesday,10,5
QuadraticDelayDoctor,1,user,December,Tuesday,10,10
QuadraticDelayDoctor,1,user,December,Tuesday,10,15
QuadraticDelayDoctor,1,user,December,Tuesday,10,20
QuadraticDelayDoctor,2,user,December,Tuesday,10,25
QuadraticDelayDoctor,2,user,December,Tuesday,10,30
QuadraticDelayDoctor,2,user,December,Tuesday,10,35
QuadraticDelayDoctor,2,user,December,Tuesday,10,40
QuadraticDelayDoctor,2,user,December,Tuesday,10,45
QuadraticDelayDoctor,2,user,December,Tuesday,10,50
QuadraticDelayDoctor,2,user,December,Tuesday,10,55
QuadraticDelayDoctor,2,user,December,Tuesday,11,0
QuadraticDelayDoctor,2,user,December,Tuesday,11,5
QuadraticDelayDoctor,2,user,December,Tuesday,11,10
QuadraticDelayDoctor,2,user,December,Tuesday,11,15
QuadraticDelayDoctor,3,user,December,Tuesday,11,20
QuadraticDelayDoctor,3,user,December,Tuesday,11,25
QuadraticDelayDoctor,3,user,December,Tuesday,11,30
QuadraticDelayDoctor,3,user,December,Tuesday,11,35
QuadraticDelayDoctor,3,user,December,Tuesday,11,40
QuadraticDelayDoctor,3,user,December,Tuesday,11,45
QuadraticDelayDoctor,3,user,December,Tuesday,11,50
QuadraticDelayDoctor,3,user,December,Tuesday,11,55
QuadraticDelayDoctor,3,user,December,Tuesday,12,0
QuadraticDelayDoctor,4,user,December,Tuesday,12,5
QuadraticDelayDoctor,4,user,December,Tuesday,12,10
QuadraticDelayDoctor,4,user,December,Tuesday,12,15
QuadraticDelayDoctor,4,user,December,Tuesday,12,20
QuadraticDelayDoctor,4,user,December,Tuesday,12,25
QuadraticDelayDoctor,4,user,December,Tuesday,12,30
QuadraticDelayDoctor,4,user,December,Tuesday,12,35
QuadraticDelayDoctor,4,user,December,Tuesday,12,40
QuadraticDelayDoctor,5,user,December,Tuesday,12,45
QuadraticDelayDoctor,5,user,December,Tuesday,12,50
QuadraticDelayDoctor,5,user,December,Tuesday,12,55
QuadraticDelayDoctor,5,user,December,Tuesday,13,0
QuadraticDelayDoctor,5,user,December,Tuesday,13,5
QuadraticDelayDoctor,5,user,December,Tuesday,13,10
QuadraticDelayDoctor,6,user,December,Tuesday,13,15
QuadraticDelayDoctor,6,user,December,Tuesday,13,20
QuadraticDelayDoctor,6,user,December,Tuesday,13,25
QuadraticDelayDoctor,6,user,December,Tuesday,13,30
QuadraticDelayDoctor,6,user,December,Tuesday,13,35
QuadraticDelayDoctor,6,user,December,Tuesday,13,40
QuadraticDelayDoctor,7,user,December,Tuesday,13,45
QuadraticDelayDoctor,7,user,December,Tuesday,13,50
QuadraticDelayDoctor,7,user,December,Tuesday,13,55
QuadraticDelayDoctor,7,user,December,Tuesday,14,0
QuadraticDelayDoctor,7,user,December,Tuesday,14,5
QuadraticDelayDoctor,7,user,December,Tuesday,14,10
QuadraticDelayDoctor,8,user,December,Tuesday,14,15
QuadraticDelayDoctor,8,user,December,Tuesday,14,20
QuadraticDelayDoctor,8,user,December,Tuesday,14,25
QuadraticDelayDoctor,8,user,December,Tuesday,14,30
QuadraticDelayDoctor,8,user,December,Tuesday,14,35
QuadraticDelayDoctor,9,user,December,Tuesday,14,40
QuadraticDelayDoctor,9,user,December,Tuesday,14,45
QuadraticDelayDoctor,9,user,December,Tuesday,14,50
QuadraticDelayDoctor,9,user,December,Tuesday,14,55
QuadraticDelayDoctor,9,user,December,Tuesday,15,0
QuadraticDelayDoctor,10,user,December,Tuesday,15,5
QuadraticDelayDoctor,10,user,December,Tuesday,15,10
QuadraticDelayDoctor,10,user,December,Tuesday,15,15
QuadraticDelayDoctor,10,user,December,Tuesday,15,20
QuadraticDelayDoctor,11,user,December,Tuesday,15,25
QuadraticDelayDoctor,11,user,December,Tuesday,15,30
QuadraticDelayDoctor,11,user,December,Tuesday,15,35
QuadraticDelayDoctor,11,user,December,Tuesday,15,40
QuadraticDelayDoctor,11,user,December,Tuesday,15,45
QuadraticDelayDoctor,12,user,December,Tuesday,15,50
QuadraticDelayDoctor,12,user,December,Tuesday,15,55
QuadraticDelayDoctor,12,user,December,Tuesday,16,0
QuadraticDelayDoctor,12,user,December,Tuesday,16,5
QuadraticDelayDoctor,13,user,December,Tuesday,16,10
QuadraticDelayDoctor,13,user,December,Tuesday,16,15
QuadraticDelayDoctor,13,user,December,Tuesday,16,20
QuadraticDelayDoctor,13,user,December,Tuesday,16,25
QuadraticDelayDoctor,14,user,December,Tuesday,16,30
QuadraticDelayDoctor,14,user,December,Tuesday,16,35
QuadraticDelayDoctor,14,user,December,Tuesday,16,40
QuadraticDelayDoctor,14,user,December,Tuesday,16,45
QuadraticDelayDoctor,15,user,December,Tuesday,16,50
QuadraticDelayDoctor,15,user,December,Tuesday,16,55
QuadraticDelayDoctor,15,user,December,Tuesday,17,0
QuadraticDelayDoctor,16,user,December,Tuesday,17,5
QuadraticDelayDoctor,16,user,December,Tuesday,17,10
QuadraticDelayDoctor,16,user,December,Tuesday,17,15
QuadraticDelayDoctor,16,user,December,Tuesday,17,20
QuadraticDelayDoctor,17,user,December,Tuesday,17,25
QuadraticDelayDoctor,17,user,December,Tuesday,17,30
QuadraticDelayDoctor,17,user,December,Tuesday,17,35
QuadraticDelayDoctor,18,user,December,Tuesday,17,40
QuadraticDelayDoctor,18,user,December,Tuesday,17,45
QuadraticDelayDoctor,18,user,December,Tuesday,17,50
QuadraticDelayDoctor,18,user,December,Tuesday,17,55
QuadraticDelayDoctor,19,user,December,Tuesday,18,0
QuadraticDelayDoctor,19,user,December,Tuesday,18,5
QuadraticDelayDoctor,19,user,December,Tuesday,18,10
QuadraticDelayDoctor,20,user,December,Tuesday,18,15
QuadraticDelayDoctor,20,user,December,Tuesday,18,20
QuadraticDelayDoctor,20,user,December,Tuesday,18,25
QuadraticDelayDoctor,21,user,December,Tuesday,18,30
QuadraticDelayDoctor,21,user,December,Tuesday,18,35
QuadraticDelayDoctor,21,user,December,Tuesday,18,40
QuadraticDelayDoctor,22,user,December,Tuesday,18,45
QuadraticDelayDoctor,22,user,December,Tuesday,18,50
QuadraticDelayDoctor,22,user,December,Tuesday,18,55
QuadraticDelayDoctor,23,user,December,Tuesday,19,0
QuadraticDelayDoctor,23,user,December,Tuesday,19,5
QuadraticDelayDoctor,23,user,December,Tuesday,19,10
QuadraticDelayDoctor,24,user,December,Tuesday,19,15
QuadraticDelayDoctor,24,user,December,Tuesday,19,20
QuadraticDelayDoctor,24,user,December,Tuesday,19,25
QuadraticDelayDoctor,25,user,December,Tuesday,19,30
QuadraticDelayDoctor,25,user,December,Tuesday,19,35
QuadraticDelayDoctor,25,user,December,Tuesday,19,40
QuadraticDelayDoctor,26,user,December,Tuesday,19,45
QuadraticDelayDoctor,26,user,December,Tuesday,19,50
QuadraticDelayDoctor,26,user,December,Tuesday,19,55
QuadraticDelayDoctor,1,user,December,Wednesday,8,0
QuadraticDelayDoctor,1,user,December,Wednesday,8,30
QuadraticDelayDoctor,1,user,December,Wednesday,9,0
QuadraticDelayDoctor,1,user,December,Wednesday,9,30
QuadraticDelayDoctor,2,user,December,Wednesday,10,0
QuadraticDelayDoctor,2,user,December,Wednesday,10,30
QuadraticDelayDoctor,3,user,December,Wednesday,11,0
QuadraticDelayDoctor,3,user,December,Wednesday,11,30
QuadraticDelayDoctor,4,user,December,Wednesday,12,0
QuadraticDelayDoctor,4,user,December,Wednesday,12,30
QuadraticDelayDoctor,5,user,December,Wednesday,13,0
QuadraticDelayDoctor,6,user,December,Wednesday,13,30
QuadraticDelayDoctor,7,user,December,Wednesday,14,0
QuadraticDelayDoctor,7,user,December,Wednesday,14,30
QuadraticDelayDoctor,8,user,December,Wednesday,15,0
QuadraticDelayDoctor,10,user,December,Wednesday,15,30
QuadraticDelayDoctor,11,user,December,Wednesday,16,0
QuadraticDelayDoctor,12,user,December,Wednesday,16,30
QuadraticDelayDoctor,13,user,December,Wednesday,17,0
QuadraticDelayDoctor,15,user,December,Wednesday,17,30
QuadraticDelayDoctor,16,user,December,Wednesday,18,0
QuadraticDelayDoctor,17,user,December,Wednesday,18,30
QuadraticDelayDoctor,19,user,December,Wednesday,19,0
QuadraticDelayDoctor,21,user,December,Wednesday,19,30
QuadraticDelayDoctor,1,user,December,Thursday,8,0
QuadraticDelayDoctor,1,user,December,Thursday,8,20
QuadraticDelayDoctor,1,user,December,Thursday,8,40
QuadraticDelayDoctor,1,user,December,Thursday,9,0
QuadraticDelayDoctor,1,user,December,Thursday,9,20
QuadraticDelayDoctor,1,user,December,Thursday,9,40
QuadraticDelayDoctor,1,user,December,Thursday,10,0
QuadraticDelayDoctor,1,user,December,Thursday,10,20
QuadraticDelayDoctor,1,user,December,Thursday,10,40
QuadraticDelayDoctor,2,user,December,Thursday,11,0
QuadraticDelayDoctor,2,user,December,Thursday,11,20
QuadraticDelayDoctor,2,user,December,Thursday,11,40
QuadraticDelayDoctor,2,user,December,Thursday,12,0
QuadraticDelayDoctor,2,user,December,Thursday,12,20
QuadraticDelayDoctor,3,user,December,Thursday,12,40
QuadraticDelayDoctor,3,user,December,Thursday,13,0
QuadraticDelayDoctor,3,user,December,Thursday,13,20
QuadraticDelayDoctor,3,user,December,Thursday,13,40
QuadraticDelayDoctor,4,user,December,Thursday,14,0
QuadraticDelayDoctor,4,user,December,Thursday,14,20
QuadraticDelayDoctor,4,user,December,Thursday,14,40
QuadraticDelayDoctor,5,user,December,Thursday,15,0
QuadraticDelayDoctor,5,user,December,Thursday,15,20
QuadraticDelayDoctor,5,user,December,Thursday,15,40
QuadraticDelayDoctor,6,user,December,Thursday,16,0
QuadraticDelayDoctor,6,user,December,Thursday,16,20
QuadraticDelayDoctor,7,user,December,Thursday,16,40
QuadraticDelayDoctor,7,user,December,Thursday,17,0
QuadraticDelayDoctor,8,user,December,Thursday,17,20
QuadraticDelayDoctor,8,user,December,Thursday,17,40
QuadraticDelayDoctor,9,user,December,Thursday,18,0
QuadraticDelayDoctor,9,user,December,Thursday,18,20
QuadraticDelayDoctor,10,user,December,Thursday,18,40
QuadraticDelayDoctor,10,user,December,Thursday,19,0
QuadraticDelayDoctor,11,user,December,Thursday,19,20
QuadraticDelayDoctor,11,user,December,Thursday,19,40
Ron Mor,0,user,November,Tuesday,16,46
Ron Mor,10,user,November,Tuesday,16,53
Ron Mor,10,user,November,Tuesday,16,57
Ron Mor,8,user,November,Tuesday,16,57
Ron Mor,7,user,November,Tuesday,16,58
Ron Mor,7,user,November,Tuesday,16,59
Ron Mor,7,user,November,Tuesday,17,1
Ron Mor,7,user,November,Tuesday,17,4
Ron Mor,7,user,November,Tuesday,17,5
Ron Mor,7,user,November,Tuesday,17,5
Ron Mor,7,user,November,Friday,8,18
Ron Mor,3,user,November,Friday,8,27
Ron Mor,5,user,November,Friday,8,29
Ron Mor,2,user,November,Friday,9,1
Ron Mor,2,user,November,Friday,9,8
Ron Mor,2,user,November,Friday,9,11
Ron Mor,2,user,November,Friday,9,15
Ron Mor,2,user,November,Friday,9,15
Ron Mor,2,user,November,Friday,9,15
Ron Mor,2,user,November,Friday,9,15
Ron Mor,2,user,November,Friday,9,16
Ron Mor,2,user,November,Friday,9,17
Ron Mor,2,user,November,Friday,9,18
Ron Mor,0,user,November,Friday,10,54
Ron Mor,0,user,November,Friday,10,54
Ron Mor,0,user,November,Friday,10,54
